key,category,requested_paths,status
00000000dd522d73cb1d21b3,HUD,HUD/Pager.png,No selected unchanged file passed this curation
00000000bda1970ddeba2d9c,Map,Map/Map_Blank_1.png,No selected unchanged file passed this curation
00000000f5d16a343f36039c,Map,Map/Map_Blank_2.png,No selected unchanged file passed this curation
000000004ee64eb7534f6782,Map,Map/Map_A2.png,No selected unchanged file passed this curation
000000001bb3d28b82e6c9f9,Map,Map/Map_A4.png,No selected unchanged file passed this curation
0000000075d48265f6a4d9b6,Map,Map/Map_A5.png,No selected unchanged file passed this curation
00000000593f0e48616c9c22,Map,Map/Map_A6.png,No selected unchanged file passed this curation
00000000f90efe3efa3aea10,Map,Map/Map_A7.png,No selected unchanged file passed this curation
00000000d71dc68b40e5fc10,Map,Map/Map_A8.png,No selected unchanged file passed this curation
00000000eb2f37547dd71d28,Map,Map/Map_B1.png,No selected unchanged file passed this curation
00000000ea1badf4eb394b99,Map,Map/Map_B2.png,No selected unchanged file passed this curation
0000000050292b925181635b,Map,Map/Map_B3.png,No selected unchanged file passed this curation
0000000074fab16ade1dd567,Map,Map/Map_B4.png,No selected unchanged file passed this curation
00000000ff3a34df4210895e,Map,Map/Map_B5.png,No selected unchanged file passed this curation
0000000057f0a070b9dd338c,Map,Map/Map_B6.png,No selected unchanged file passed this curation
000000003e78ef977b70e734,Map,Map/Map_B7.png,No selected unchanged file passed this curation
000000008fd2ed430c927c8f,Map,Map/Map_B8.png,No selected unchanged file passed this curation
00000000d4037395d0fb1649,Map,Map/Map_C1.png,No selected unchanged file passed this curation
000000008f89a3a8c9dca0df,Map,Map/Map_C2.png,No selected unchanged file passed this curation
000000003ac7496fb77191e1,Map,Map/Map_C3.png,No selected unchanged file passed this curation
0000000089af105a893f3eea,Map,Map/Map_C4.png,No selected unchanged file passed this curation
00000000087037148ab58286,Map,Map/Map_C5.png,No selected unchanged file passed this curation
000000009e663a0c09ae19e4,Map,Map/Map_C6.png,No selected unchanged file passed this curation
0000000014e2b63553aa74d1,Map,Map/Map_C7.png,No selected unchanged file passed this curation
00000000aedbdc4a498dd52e,Map,Map/Map_C8.png,No selected unchanged file passed this curation
00000000ce57706d6e214404,Map,Map/Map_D1.png,No selected unchanged file passed this curation
000000003d93f4106ea28df2,Map,Map/Map_D2.png,No selected unchanged file passed this curation
000000000fb284482e1bd72b,Map,Map/Map_D3.png,No selected unchanged file passed this curation
000000007819538b93194898,Map,Map/Map_D4.png,No selected unchanged file passed this curation
00000000969775f408402b1b,Map,Map/Map_D5.png,No selected unchanged file passed this curation
0000000011dd5b8caddbf795,Map,Map/Map_D6.png,No selected unchanged file passed this curation
000000000b7abdfa64e97f1c,Map,Map/Map_D7.png,No selected unchanged file passed this curation
00000000cc09d7baae9fea9a,Map,Map/Map_D8.png,No selected unchanged file passed this curation
00000000d53d892037491974,Map,Map/Map_E5.png,No selected unchanged file passed this curation
000000000c30158f2a6653b8,Map,Map/Map_E6.png,No selected unchanged file passed this curation
00000000d3bc75645a5dce93,Radio,Radio/Flash.png,No selected unchanged file passed this curation
00000000175586b9dc9e62e2,Radio,Radio/V_Rock.png,No selected unchanged file passed this curation
0000000018fbd34f84b2c05c,Radio,Radio/VCPR.png,No selected unchanged file passed this curation
00000000cd593c7ed4b465ff,Radio,Radio/VCFL.png,No selected unchanged file passed this curation
0000000057631f1b99c479d3,Radio,Radio/Wave_103.png,No selected unchanged file passed this curation
00000000c1afad85e3fdaffe,Radio,Radio/Espantoso.png,No selected unchanged file passed this curation
00000000a6123a35b2783309,Radio,Radio/Emotion_983.png,No selected unchanged file passed this curation
00000000ba8af39d443abf8c,Vehicles,Vehicles/Steering_Wheels.png,No selected unchanged file passed this curation
00000000a8c958772008c6b1,Vehicles,Vehicles/BOBCAT.png,No selected unchanged file passed this curation
000000001b21cecd7a06ee19,Vehicles,Vehicles/Flames.png,No selected unchanged file passed this curation
000000001477ca99333f759b,Vehicles,Vehicles/Police_Decal_1.png,No selected unchanged file passed this curation
00000000bf3ef797c1f93bdd,Vehicles,Vehicles/Police_Decal_2.png,No selected unchanged file passed this curation
000000008c21a0c7c9e2f0fb,Vehicles,Vehicles/Ambulance_Decal.png,No selected unchanged file passed this curation
00000000b495df8336691506,Vehicles,Vehicles/Plane_Decal_1.png,No selected unchanged file passed this curation
00000000a4db3b3d59f5e982,Vehicles,Vehicles/Gruppe_Sechs.png,No selected unchanged file passed this curation
00000000f5b2b78091c9f7e6,Vehicles,Vehicles/Phils_Truck.png,No selected unchanged file passed this curation
00000000e62e84365cca4170,Vehicles,Vehicles/Little_Willie.png,No selected unchanged file passed this curation
000000003bc1d16cbda6fd54,Vehicles,Vehicles/Cracked_Windshield.png,No selected unchanged file passed this curation
0000000065d91f0f200f9c2c,Vehicles,Vehicles/Engine.png,No selected unchanged file passed this curation
0000000099d151aaa056a54a,Vehicles,Vehicles/License_Plates.png,No selected unchanged file passed this curation
000000004c34799d16b4c3c4,Pedestrians,Pedestrians/Vic_Cutscene.png,No selected unchanged file passed this curation
00000000b628084f093f5a75,Pedestrians,Pedestrians/Vic_Cutscene2.png,No selected unchanged file passed this curation
00000000c6a3d56e0cf5630f,Pedestrians,Pedestrians/Jerry_Normal.png,No selected unchanged file passed this curation
0000000059e21d2e819a854f,Pedestrians,Pedestrians/Jerry_Cutscene.png,No selected unchanged file passed this curation
00000000929557ac639311af,Pedestrians,Pedestrians/Phil_Cutscene.png,No selected unchanged file passed this curation
000000008a4020bcaa230823,Pedestrians,Pedestrians/Marty_Cutscene_1.png,No selected unchanged file passed this curation
00000000755feec3a7d9e5c2,Pedestrians,Pedestrians/Marty_Cutscene_2.png,No selected unchanged file passed this curation
000000000888f413f66fec69,Pedestrians,Pedestrians/Louise_Cutscene_2.png,No selected unchanged file passed this curation
00000000d03959ce20e5f86f,Pedestrians,Pedestrians/Louise_Cutscene_3.png,No selected unchanged file passed this curation
000000007cab4be83c8c0ecb,Pedestrians,Pedestrians/Baby_Cutscene.png,No selected unchanged file passed this curation
000000006bedd2c6d6881fd3,Pedestrians,Pedestrians/Lance_Cutscene.png,No selected unchanged file passed this curation
0000000087f143889d7adef1,Pedestrians,Pedestrians/Forbes_Cutscene.png,No selected unchanged file passed this curation
000000006a57e4ea0e7253c9,Pedestrians,Pedestrians/Reni_Cutscene.png,No selected unchanged file passed this curation
0000000010cea1482fcf8afa,Pedestrians,Pedestrians/Reni_Cutscene_2.png,No selected unchanged file passed this curation
00000000e80fc98abbc7b611,Pedestrians,Pedestrians/Barry_Cutscene.png,No selected unchanged file passed this curation
00000000e7d64629ca9939a7,Pedestrians,Pedestrians/Phil_Collins_Normal.png,No selected unchanged file passed this curation
000000000a52959b4d9b6aef,Pedestrians,Pedestrians/Diaz_Cutscene.png,No selected unchanged file passed this curation
00000000cbaaae4f8d9ef039,Pedestrians,Pedestrians/Clothes/Vic_Casual_Normal_1.png,No selected unchanged file passed this curation
00000000cfca0d83ceac4455,Pedestrians,Pedestrians/Clothes/Vic_Casual_Normal_2.png,No selected unchanged file passed this curation
000000004cab2477fba4b2da,Pedestrians,Pedestrians/Clothes/Vic_Casual_Cutscene_1.png,No selected unchanged file passed this curation
00000000b1f7e0b95eae7e21,Pedestrians,Pedestrians/Clothes/Vic_Casual_Cutscene_2.png,No selected unchanged file passed this curation
00000000446eda78ce1f3341,Pedestrians,Pedestrians/Clothes/Vic_Casual_Cutscene_3.png,No selected unchanged file passed this curation
00000000dd47f485b64f02a3,Pedestrians,Pedestrians/Clothes/Vic_Casual_Cutscene_4.png,No selected unchanged file passed this curation
00000000e7a68cad30eb382d,Pedestrians,Pedestrians/Clothes/Phil_Cutscene.png,No selected unchanged file passed this curation
000000000d385332571d081d,Pedestrians,Pedestrians/Clothes/Marty_Cutscene_1.png,No selected unchanged file passed this curation
00000000e941794c5aa71ce2,Pedestrians,Pedestrians/Clothes/Marty_Cutscene_2.png,No selected unchanged file passed this curation
00000000f5674b7e68a2fabb,Pedestrians,Pedestrians/Clothes/Marty_Cutscene_3.png,No selected unchanged file passed this curation
000000008d3b8b86b647a34c,Pedestrians,Pedestrians/Clothes/Marty_Cutscene_4.png,No selected unchanged file passed this curation
00000000126c4ff330835048,Pedestrians,Pedestrians/Clothes/Marty_Cutscene_5.png,No selected unchanged file passed this curation
000000008d4b2fe7dd94f4e1,Pedestrians,Pedestrians/Clothes/Louise_Cutscene_1.png,No selected unchanged file passed this curation
0000000084e7289efeee0ba9,Pedestrians,Pedestrians/Clothes/Louise_Cutscene_2.png,No selected unchanged file passed this curation
00000000baad675087d3970e,Pedestrians,Pedestrians/Clothes/Louise_Cutscene_4.png,No selected unchanged file passed this curation
00000000c38a7439e6b87c75,Pedestrians,Pedestrians/Clothes/Louise_Cutscene_5.png,No selected unchanged file passed this curation
00000000fbbb06c742f1e634,Pedestrians,Pedestrians/Clothes/Louise_Cutscene_6.png,No selected unchanged file passed this curation
00000000a836d462dcce6e07,Pedestrians,Pedestrians/Clothes/Louise_Cutscene_7.png,No selected unchanged file passed this curation
000000003ef9dcb2d9cc6b0d,Pedestrians,Pedestrians/Clothes/Louise_Cutscene_8.png,No selected unchanged file passed this curation
000000002ef549bf966699b4,Pedestrians,Pedestrians/Clothes/Louise_Cutscene_9.png,No selected unchanged file passed this curation
000000001adf6f7d16391054,Pedestrians,Pedestrians/Clothes/Louise_Cutscene_10.png,No selected unchanged file passed this curation
000000006099db2b8e2bbb49,Pedestrians,Pedestrians/Clothes/Lance_Cutscene_1.png,No selected unchanged file passed this curation
0000000077311d7ea08e7762,Pedestrians,Pedestrians/Clothes/Lance_Cutscene_2.png,No selected unchanged file passed this curation
00000000bf69ff84123b7a4a,Pedestrians,Pedestrians/Clothes/Lance_Cutscene_3.png,No selected unchanged file passed this curation
000000004d3a2ed68cde278c,Pedestrians,Pedestrians/Clothes/Lance_Cutscene_4.png,No selected unchanged file passed this curation
0000000067e62d0dd86845fd,Pedestrians,Pedestrians/Clothes/Lance_Cutscene_5.png,No selected unchanged file passed this curation
000000009e2f40b32616dac5,Pedestrians,Pedestrians/Clothes/Lance_Suit_Cutscene_1.png,No selected unchanged file passed this curation
0000000037e725d701d97e67,Pedestrians,Pedestrians/Clothes/Lance_Suit_Cutscene_2.png,No selected unchanged file passed this curation
000000004c1d73a01c6b7ac9,Pedestrians,Pedestrians/Clothes/Lance_Suit_Cutscene_3.png,No selected unchanged file passed this curation
000000008709a0ec35d65804,Pedestrians,Pedestrians/Clothes/Lance_Suit_Cutscene_4.png,No selected unchanged file passed this curation
00000000a8d719151e7aa022,Pedestrians,Pedestrians/Clothes/Lance_Suit_Cutscene_5.png,No selected unchanged file passed this curation
00000000596e6c7e8a7d5036,Pedestrians,Pedestrians/Clothes/Umberto_Cutscene_1.png,No selected unchanged file passed this curation
00000000ada271895f189128,Pedestrians,Pedestrians/Clothes/Umberto_Cutscene_2.png,No selected unchanged file passed this curation
00000000ae5932b9864637ac,Pedestrians,Pedestrians/Clothes/Umberto_Cutscene_3.png,No selected unchanged file passed this curation
000000007a49c7a446f07b5a,Pedestrians,Pedestrians/Clothes/Umberto_Cutscene_4.png,No selected unchanged file passed this curation
00000000f5c2bff322cb5519,Pedestrians,Pedestrians/Clothes/Umberto_Cutscene_5.png,No selected unchanged file passed this curation
000000003a46a6fbb15c02e9,Pedestrians,Pedestrians/Clothes/Forbes_Cutscene_1.png,No selected unchanged file passed this curation
000000008392aa9d469dfd63,Pedestrians,Pedestrians/Clothes/Forbes_Cutscene_2.png,No selected unchanged file passed this curation
0000000075015d66328b65db,Pedestrians,Pedestrians/Clothes/Forbes_Cutscene_3.png,No selected unchanged file passed this curation
0000000022d7b253bfbfd7d9,Pedestrians,Pedestrians/Clothes/Forbes_Cutscene_4.png,No selected unchanged file passed this curation
000000005e426dcb94e12469,Pedestrians,Pedestrians/Clothes/Forbes_Cutscene_5.png,No selected unchanged file passed this curation
00000000000b1ce5ec6d9556,Pedestrians,Pedestrians/Clothes/Forbes_Cutscene_6.png,No selected unchanged file passed this curation
000000004db2866816391054,Pedestrians,Pedestrians/Clothes/Forbes_Cutscene_7.png,No selected unchanged file passed this curation
00000000df2679165ac141c9,Pedestrians,Pedestrians/Clothes/Reni_Cutscene_1.png,No selected unchanged file passed this curation
0000000070ebf486344cd7b7,Pedestrians,Pedestrians/Clothes/Reni_Cutscene_2.png,No selected unchanged file passed this curation
000000002fc17150ba4add1d,Pedestrians,Pedestrians/Clothes/Reni_Cutscene_3.png,No selected unchanged file passed this curation
0000000059b862e91802ff8d,Pedestrians,Pedestrians/Clothes/Reni_Cutscene_4.png,No selected unchanged file passed this curation
0000000061f801e4ebd9db9f,Pedestrians,Pedestrians/Clothes/Reni_Cutscene_5.png,No selected unchanged file passed this curation
00000000b1edaabca640ba19,Pedestrians,Pedestrians/Clothes/Reni_Cutscene_6.png,No selected unchanged file passed this curation
00000000420ca09dff64d7db,Pedestrians,Pedestrians/Clothes/Reni_Cutscene_7.png,No selected unchanged file passed this curation
00000000cc820d0073572c44,Pedestrians,Pedestrians/Clothes/Reni_Cutscene_8.png,No selected unchanged file passed this curation
00000000eaec8a47469a02b4,Pedestrians,Pedestrians/Clothes/Reni_Cutscene_9.png,No selected unchanged file passed this curation
000000002984beda88fb4c03,Pedestrians,Pedestrians/Clothes/Reni_Cutscene_10.png,No selected unchanged file passed this curation
00000000bae421a3877ca786,Pedestrians,Pedestrians/Clothes/Reni_Cutscene_11.png,No selected unchanged file passed this curation
000000002ca9988ea4f7b20e,Pedestrians,Pedestrians/Clothes/Barry_Cutscene_1.png,No selected unchanged file passed this curation
000000008d1aa2ed6e127c59,Pedestrians,Pedestrians/Clothes/Barry_Cutscene_2.png,No selected unchanged file passed this curation
00000000eee79d3dce3289b4,Pedestrians,Pedestrians/Clothes/Barry_Cutscene_3.png,No selected unchanged file passed this curation
000000007857c902554e3605,Pedestrians,Pedestrians/Clothes/Barry_Cutscene_4.png,No selected unchanged file passed this curation
00000000a0e9ce32a94f671a,Pedestrians,Pedestrians/Clothes/Barry_Cutscene_5.png,No selected unchanged file passed this curation
0000000099d85d7eb0eeacc8,Pedestrians,Pedestrians/Clothes/Barry_Cutscene_6.png,No selected unchanged file passed this curation
00000000553d341d2f6422e3,Pedestrians,Pedestrians/Clothes/Phil_Collins_Cutscene_1.png,No selected unchanged file passed this curation
00000000e1242ed83a230cb3,Pedestrians,Pedestrians/Clothes/Phil_Collins_Cutscene_2.png,No selected unchanged file passed this curation
00000000726e30aaf35e015e,Pedestrians,Pedestrians/Clothes/Phil_Collins_Cutscene_3.png,No selected unchanged file passed this curation
000000006d2b73c6103fc694,Pedestrians,Pedestrians/Clothes/Phil_Collins_Cutscene_4.png,No selected unchanged file passed this curation
0000000032032bc9fa4de1fa,Pedestrians,Pedestrians/Clothes/Phil_Collins_Cutscene_5.png,No selected unchanged file passed this curation
0000000011b1752cee8cee2c,Pedestrians,Pedestrians/Clothes/Phil_Collins_Cutscene_6.png,No selected unchanged file passed this curation
000000004e21a4537679eb66,Pedestrians,Pedestrians/Clothes/Phil_Collins_Cutscene_7.png,No selected unchanged file passed this curation
000000009e4af80d5780541a,Pedestrians,Pedestrians/Clothes/Phil_Collins_Cutscene_8.png,No selected unchanged file passed this curation
00000000b3ae8bfc9bfd1a8f,Pedestrians,Pedestrians/Clothes/Phil_Collins_Cutscene_9.png,No selected unchanged file passed this curation
000000008d681e9de25b8642,Pedestrians,Pedestrians/Clothes/Diaz_Cutscene_1.png,No selected unchanged file passed this curation
00000000ab8474b4a94f671a,Pedestrians,Pedestrians/Clothes/Diaz_Cutscene_3.png,No selected unchanged file passed this curation
00000000f73b58e8b997cc19,Pedestrians,Pedestrians/Clothes/PIG_1.png,No selected unchanged file passed this curation
0000000098fb6b03b42f4411,Pedestrians,Pedestrians/Clothes/PIG_2.png,No selected unchanged file passed this curation
00000000200e2e72e0448519,Pedestrians,Pedestrians/Clothes/PIG_3.png,No selected unchanged file passed this curation
000000006f1e0a481a42b5b5,Pedestrians,Pedestrians/Clothes/PIG_4.png,No selected unchanged file passed this curation
00000000ebea47b68b37121d,Props,Props/Body_Armor.png,No selected unchanged file passed this curation
00000000ff2488279ad8559e,Props,Props/Heart.png,No selected unchanged file passed this curation
000000007082f898a594beb5,Props,Props/Adrenaline_Pill.png,No selected unchanged file passed this curation
000000005503730dd5cc801a,Props,Props/Wanted_Badge.png,No selected unchanged file passed this curation
00000000c1f24dcf00000000,Props,Props/Balloon.png,No selected unchanged file passed this curation
00000000ccd32e0193608eb0,Props,Props/Rampage_Skull.png,No selected unchanged file passed this curation
00000000e45391ae6d81374f,Props,Props/Rampage_Skull_Beat.png,No selected unchanged file passed this curation
0000000021120c8412e3af16,Buildings,Buildings/Hyman_2.png,No selected unchanged file passed this curation
0000000096e41a34e702d57b,Buildings,Buildings/Medic_Roof.png,No selected unchanged file passed this curation
00000000eac811baafee5e73,Buildings,Buildings/LOD/Ammunation.png,No selected unchanged file passed this curation
00000000ddce6e6475ccfae3,Signs,Signs/Blue_Crossed.png,No selected unchanged file passed this curation
000000006e0f4585900123fc,Signs,Signs/Escobar_Airport.png,No selected unchanged file passed this curation
00000000af39dbf2417287da,Signs,Signs/North_Bridge.png,No selected unchanged file passed this curation
000000001a013b83323d7be4,Signs,Signs/South_Bridge.png,No selected unchanged file passed this curation
0000000011c5fff95581949c,Signs,Signs/Island_Bridge.png,No selected unchanged file passed this curation
000000003c91db941f0ee8dd,Signs,Signs/Links_Bridge.png,No selected unchanged file passed this curation
00000000cff69f12e7afdbd0,Signs,Signs/Little_Haiti.png,No selected unchanged file passed this curation
00000000fff890f5641bfb42,Signs,Signs/Little_Haiti2.png,No selected unchanged file passed this curation
00000000d9e75ed7136b70fe,Signs,Signs/Downtown_1.png,No selected unchanged file passed this curation
00000000884eb37a60c1dbd2,Signs,Signs/Downtown_2.png,No selected unchanged file passed this curation
000000008b61d3f6a5828c37,Signs,Signs/Downtown_3.png,No selected unchanged file passed this curation
00000000cc18dc5ac4382fb2,Signs,Signs/Little_Havana.png,No selected unchanged file passed this curation
000000007c42fd57a961ee6f,Signs,Signs/Ammunation.png,No selected unchanged file passed this curation
00000000674314f4956ef00f,Signs,Signs/Ammunation2.png,No selected unchanged file passed this curation
00000000125f3d2e79baed49,Signs,Signs/US_Flag2.png,No selected unchanged file passed this curation
000000000dceefec480f67be,Signs,Signs/VCFD.png,No selected unchanged file passed this curation
000000009d1dcb8ea74247b8,Signs,Signs/VCPD.png,No selected unchanged file passed this curation
00000000f4b63c51b58664d5,Signs,Signs/VCPD2.png,No selected unchanged file passed this curation
000000000ae363d50b01498b,Signs,Signs/World_Map.png,No selected unchanged file passed this curation
00000000c3527abf0263ef0b,Signs,Signs/Red_Cross.png,No selected unchanged file passed this curation
000000005bb338e77419a951,Signs,Signs/Angel_Knight.png,No selected unchanged file passed this curation
00000000d7d915674bfe79c8,Signs,Signs/Suck_Then_Pow.png,No selected unchanged file passed this curation
000000001bf70a325a64b84a,Signs,Signs/Stunt_Double.png,No selected unchanged file passed this curation
000000006a1b373e8f852b6b,Signs,Signs/Quube.png,No selected unchanged file passed this curation
00000000c42d7cfbc127ab47,Signs,Signs/Ads.png,No selected unchanged file passed this curation
000000002704aa9baefab037,Signs,Signs/Tag_1.png,No selected unchanged file passed this curation
0000000048b57df020afbabe,Signs,Signs/Tag_3.png,No selected unchanged file passed this curation
00000000696178c3e15cfefe,Signs,Signs/Tag_4.png,No selected unchanged file passed this curation
000000006cec4f85c4a30b9c,Signs,Signs/Tag_9.png,No selected unchanged file passed this curation
0000000073a0705d697a2fe7,Signs,Signs/Tag_10.png,No selected unchanged file passed this curation
000000005b638b6fc0c77240,Signs,Signs/Tag_12.png,No selected unchanged file passed this curation
000000001cb57aaf9a97916f,Signs,Signs/Tag_15.png,No selected unchanged file passed this curation
0000000037688be722a7462c,Signs,Signs/Tag_17.png,No selected unchanged file passed this curation
00000000efc77be78dcaaab1,Signs,Signs/Tag_18.png,No selected unchanged file passed this curation
00000000ce836ea611ad4ed4,Signs,Signs/Tag_20.png,No selected unchanged file passed this curation
00000000453f69076b973c36,Signs,Signs/Tag_21.png,No selected unchanged file passed this curation
00000000441c50c25e31fafa,Signs,Signs/Tag_22.png,No selected unchanged file passed this curation
0000000039cfa6e4c25306d9,Signs,Signs/Tag_25.png,No selected unchanged file passed this curation
00000000fbf4f3057f9778fa,Signs,Signs/Tag_26.png,No selected unchanged file passed this curation
0000000066672c471aafe15b,Signs,Signs/Tag_27.png,No selected unchanged file passed this curation
00000000cda54e889a97916f,Signs,Signs/Tag_28.png,No selected unchanged file passed this curation
00000000be2cbcb5f51318f0,Signs,Signs/Tag_29.png,No selected unchanged file passed this curation
00000000cf4c743cbefec990,Signs,Signs/Hotel.png,No selected unchanged file passed this curation
00000000b61384c3f3f8e96e,Signs,Signs/Plummet_1.png,No selected unchanged file passed this curation
00000000d82211378a037bee,Signs,Signs/Plummet_2.png,No selected unchanged file passed this curation
00000000395cc37f15fc7766,Signs,Signs/Plummet_3.png,No selected unchanged file passed this curation
000000005ed05d61aa31fa8f,Signs,Signs/Redwood_Jr.png,No selected unchanged file passed this curation
0000000038d9b2b3d73fef7a,Signs,Signs/Redwood_Jr_2.png,No selected unchanged file passed this curation
00000000885f7c730caa6db9,Signs,Signs/Music.png | Signs/Verdi.png,No selected unchanged file passed this curation
00000000fc02df150959bb4c,Signs,Signs/Music2.png,No selected unchanged file passed this curation
00000000cf052ebc2c184ead,Signs,Signs/Electric_Blvd.png,No selected unchanged file passed this curation
000000001792a12c196af499,Signs,Signs/VRock.png,No selected unchanged file passed this curation
000000005d8ce8e67c6d080a,Signs,Signs/TUME.png,No selected unchanged file passed this curation
000000004910beba8ebadae9,Signs,Signs/Sunshine_Autos_1.png,No selected unchanged file passed this curation
0000000057a161f7af406b75,Signs,Signs/Sunshine_Autos_2.png,No selected unchanged file passed this curation
000000005b26b47303fa22c3,Signs,Signs/Sunshine_Autos_3.png,No selected unchanged file passed this curation
00000000e990da59f967f7d7,Signs,Signs/Sunshine_Autos_4.png,No selected unchanged file passed this curation
00000000ac320f0893b43b1d,Signs,Signs/Mad_Donnas.png,No selected unchanged file passed this curation
0000000049e5c25a82022276,Signs,Signs/Stonewall_Js.png,No selected unchanged file passed this curation
00000000af1a62ee107b1ab6,Signs,Signs/Hardcore_Pawn.png,No selected unchanged file passed this curation
000000008526f4147e19fa3a,Signs,Signs/Burger_Off.png,No selected unchanged file passed this curation
00000000b648d8b4d7b4051e,Signs,Signs/Kronos_TWatch.png,No selected unchanged file passed this curation
00000000df8ea749691d56f0,Signs,Signs/TJA_AIR_1.png,No selected unchanged file passed this curation
00000000a72f38138d502efd,Signs,Signs/TJA_AIR_2.png,No selected unchanged file passed this curation
000000004895e681cf2b3196,Signs,Signs/Page_3.png,No selected unchanged file passed this curation
00000000abe358f0f7ea490f,Signs,Signs/Bennys_Hotel.png,No selected unchanged file passed this curation
000000009434ced6f2440037,Signs,Signs/Beachcomber_Hotel.png,No selected unchanged file passed this curation
00000000684b6ee13f11f0f0,Signs,Signs/FIDL.png,No selected unchanged file passed this curation
000000007011bd001d399118,Signs,Signs/KLUNT.png,No selected unchanged file passed this curation
000000005416820d9adb3cbb,Signs,Signs/Mai_Viento.png,No selected unchanged file passed this curation
0000000000ff35f6deb0100d,Signs,Signs/Old_Amsterdam.png,No selected unchanged file passed this curation
000000007003577ae9678f54,Signs,Signs/Greasy_Chopper.png,No selected unchanged file passed this curation
00000000bcfd233db9b6f611,Signs,Signs/Pons.png,No selected unchanged file passed this curation
00000000336b22e80a53cc25,Signs,Signs/Nalgas.png,No selected unchanged file passed this curation
00000000d39c08adefefe90f,Signs,Signs/Gorilla_Salad.png,No selected unchanged file passed this curation
00000000bfd56337d06c8013,Signs,Signs/Barzinis.png,No selected unchanged file passed this curation
000000001922d73b570e31dd,Signs,Signs/Crocketts.png,No selected unchanged file passed this curation
00000000d7f2dc364eb427ab,Signs,Signs/Glynnis.png,No selected unchanged file passed this curation
00000000d1cd6464a99286d0,Signs,Signs/Sole_Man.png,No selected unchanged file passed this curation
000000005b92e745dbd5d975,Signs,Signs/Kronos.png,No selected unchanged file passed this curation
00000000face62d3ad50477d,Signs,Signs/Special_Fried_Vice.png,No selected unchanged file passed this curation
0000000084da85e3e3a1f8f1,Signs,Signs/Curve.png,No selected unchanged file passed this curation
00000000b8bc2474c0eb1999,Signs,Signs/Hermit.png,No selected unchanged file passed this curation
00000000e5cd74cfc398cf66,Signs,Signs/Clintz.png,No selected unchanged file passed this curation
00000000c1eaed51d8fa16d8,Signs,Signs/Needle_Trax.png,No selected unchanged file passed this curation
00000000fc5c94f2bbeb1ca1,Signs,Signs/VC_Port_Authority.png,No selected unchanged file passed this curation
00000000110a813cc145d2d5,Signs,Signs/Liquor.png,No selected unchanged file passed this curation
000000002dae2b354060ac1b,Signs,Signs/Boleros.png,No selected unchanged file passed this curation
00000000398629a7255192cc,Signs,Signs/libre_Havana.png,No selected unchanged file passed this curation
000000004f53a4fafae4b6f9,Signs,Signs/Cucaracha.png | Signs/Carioca.png,No selected unchanged file passed this curation
00000000d1132423b8b902d1,Signs,Signs/Guanos.png,No selected unchanged file passed this curation
0000000020794f8355c4d175,Signs,Signs/Final_Build.png,No selected unchanged file passed this curation
00000000c7b1dd419cdc7044,Signs,Signs/Bridge_Closed_1.png,No selected unchanged file passed this curation
000000004f4546f94cb3ab8f,Signs,Signs/Bridge_Closed_2.png,No selected unchanged file passed this curation
00000000d569328f777b2628,Signs,Signs/Bridge_Closed_3.png,No selected unchanged file passed this curation
0000000080558b4344181099,Signs,Signs/8Ball.png,No selected unchanged file passed this curation
00000000179e646f5c6f35e0,Signs,Signs/Keep_Out.png,No selected unchanged file passed this curation
000000008db80a94a8fc6b24,Signs,Signs/Danger_Keep_Out.png,No selected unchanged file passed this curation
00000000e93d0ecdbf94b14a,Signs,Signs/Barber.png,No selected unchanged file passed this curation
0000000025b5759f8079d265,Signs,Signs/Fire_Exit.png,No selected unchanged file passed this curation
00000000d8a908f03125bab8,Signs,Signs/Ranch.png,No selected unchanged file passed this curation
000000001358ea33ee59f557,Signs,Signs/Fashion.png,No selected unchanged file passed this curation
00000000e9bf21e6c10a6063,Signs,Signs/Beans.png,No selected unchanged file passed this curation
000000005abb6f606f3cafa6,Signs,Signs/Curve2.png,No selected unchanged file passed this curation
00000000cd6922f020dd39a5,Signs,Signs/Curve3.png,No selected unchanged file passed this curation
00000000eb3f60226fbd8170,Signs,Signs/Curve4.png,No selected unchanged file passed this curation
000000005fb5bbae3d0385c7,Signs,Signs/Curve5.png,No selected unchanged file passed this curation
000000005bc4f1ef69f219a2,Signs,Signs/El_Pequeno.png,No selected unchanged file passed this curation
00000000fe8a3f908dfc457a,Signs,Signs/R_Lax.png,No selected unchanged file passed this curation
00000000aaeec9798948ba6c,Signs,Signs/Le_Singe.png,No selected unchanged file passed this curation
00000000f752b2f12912059c,Signs,Signs/Phils_Depot.png,No selected unchanged file passed this curation
00000000e46ddce2f5806e35,Signs,Signs/Range_Shooter.png,No selected unchanged file passed this curation
000000005354ed83729898f0,Signs,Signs/Range_Innocent.png,No selected unchanged file passed this curation
0000000078d4f97e361b57c9,Signs,Signs/Easter_Egg_NTSH.png,No selected unchanged file passed this curation
00000000c4439c880082007e,Signs,Signs/Easter_Egg_Number_1.png,No selected unchanged file passed this curation
000000004f6321826afee3e5,Signs,Signs/Easter_Egg_Number_2.png,No selected unchanged file passed this curation
00000000bdeb7832b1920cc5,Signs,Signs/Easter_Egg_Number_3.png,No selected unchanged file passed this curation
0000000088efc647d85d7264,Signs,Signs/Easter_Egg_Number_6.png,No selected unchanged file passed this curation
000000006a972db8b220b94c,Signs,Signs/Easter_Egg_Number_7.png,No selected unchanged file passed this curation
00000000db95673c1ef9b56c,Signs,Signs/Carioca2.png,No selected unchanged file passed this curation
00000000b207a4d81d94eac0,Signs,Signs/StorageCo.png,No selected unchanged file passed this curation
0000000004f5a35fd53cd2f0,Signs,Signs/Car_Asset.png,No selected unchanged file passed this curation
00000000644a19ef980f7c6f,Signs,Signs/For_Sale.png,No selected unchanged file passed this curation
00000000cb91996c42b2bf95,Signs,Signs/Turismo_Map.png,No selected unchanged file passed this curation
00000000fe4e010b3ec5f447,World,World/Wood.png,No selected unchanged file passed this curation
000000009740993ad7668701,World,World/Chainlink_Fence.png,No selected unchanged file passed this curation
000000004e73d1d77ed92637,World,World/Chainlink_Fence2.png,No selected unchanged file passed this curation
00000000d72f8362392092d4,World,World/Chainlink_Fence3.png,No selected unchanged file passed this curation
00000000917d8c6bca2a8399,World,World/Power_Lines.png,No selected unchanged file passed this curation
00000000ff57be2a62fae93c,World,World/ONsyc32.png,No selected unchanged file passed this curation
0000000083fc16b15c0ce5a7,World,World/Red_Barrel_1.png,No selected unchanged file passed this curation
00000000d2fe161808207c33,World,World/101_Rug.png,No selected unchanged file passed this curation
0000000044852e57b0519f6b,World,World/101_Fan_Cage.png,No selected unchanged file passed this curation
0000000008624f57f7c6e531,World,World/101_Flamingo.png,No selected unchanged file passed this curation
000000001f8c9a78d8967148,World,World/MREs.png,No selected unchanged file passed this curation
000000007e040e93ac400550,World,World/Boom_Shine_Box.png,No selected unchanged file passed this curation
00000000b75702f4cebe7995,World,World/Sprunk_Can_Top.png,No selected unchanged file passed this curation
00000000c9b7e0358cbd4983,World,World/Sprunk_Can_Label.png,No selected unchanged file passed this curation
00000000692f184b65ca9679,World,World/Vegetation/Leaf_1.png,No selected unchanged file passed this curation
000000009aff0d680b3ecf60,World,World/Vegetation/Bush_2.png,No selected unchanged file passed this curation
00000000786218cada911eeb,World,World/Vegetation/Bush_3.png,No selected unchanged file passed this curation
0000000005f7abd1ac800eec,World,World/Vegetation/Tree_1.png,No selected unchanged file passed this curation
00000000e25f92a67fc40f05,World,World/Vegetation/Tree_2.png,No selected unchanged file passed this curation
00000000478271a11ad3ad76,World,World/Vegetation/Tree_3.png,No selected unchanged file passed this curation
000000001ab7e5a0c5a7990c,World,World/Vegetation/Tree_6.png,No selected unchanged file passed this curation
000000007b53b509836a345b,World,World/Vegetation/Tree_7.png,No selected unchanged file passed this curation
0000000095095b2691f1c8b5,World,World/Vegetation/Flowers_1.png,No selected unchanged file passed this curation
00000000c6dfc9316d9e49a8,World,World/Vegetation/Flowers_2.png,No selected unchanged file passed this curation
00000000164c0deb34135d0a,World,World/Vegetation/Flowers_3.png,No selected unchanged file passed this curation
00000000769d836edc1bc2c0,Misc,Misc/Intro_Splash.png,No selected unchanged file passed this curation
00000000a81c8bedf4ef649b,Misc,Misc/Loading_Screen_1.png,No selected unchanged file passed this curation
000000002111ff113561cc56,Misc,Misc/Loading_Screen_2.png,No selected unchanged file passed this curation
000000007f319df11610f2de,Misc,Misc/Loading_Screen_3.png,No selected unchanged file passed this curation
00000000deb4fd87e22e7123,Misc,Misc/Loading_Screen_4.png,No selected unchanged file passed this curation
000000002a4016bb99820284,Misc,Misc/Loading_Screen_5.png,No selected unchanged file passed this curation
00000000f2f6ff7cde502046,Misc,Misc/Loading_Screen_6.png,No selected unchanged file passed this curation
00000000f16aa564f83f22e8,Misc,Misc/Loading_Screen_7.png,No selected unchanged file passed this curation
0000000060b9639bd7dae8bf,Misc,Misc/Loading_Screen_8.png,No selected unchanged file passed this curation
000000006a4ec7d66e7aeb51,Misc,Misc/Loading_Save.png,No selected unchanged file passed this curation
00000000577e84236256cafb,Misc,Misc/PSP_Controls_Left.png,No selected unchanged file passed this curation
00000000c6507277a5679900,Misc,Misc/PSP_Controls_Right.png,No selected unchanged file passed this curation
00000000e98726e8e404736a,Misc,Misc/Menu_Background.png,No selected unchanged file passed this curation
00000000aa1e0da8f6f66076,Misc,Misc/Drug_Haze.png,No selected unchanged file passed this curation
00000000d9fcfbeddefebbee,Misc,Misc/Weapons/Knife.png,No selected unchanged file passed this curation
00000000591fe9c05a62b184,Misc,Misc/Weapons/Sniper_Reticle.png,No selected unchanged file passed this curation
000000000c38e5bfd55beabe,Misc,Misc/Weapons/Dragunov.png,No selected unchanged file passed this curation
0000000040cfdc2f0f96421c,Misc,Misc/Weapons/Camera_Scope.png,No selected unchanged file passed this curation
000000009cee27397347e3fd,Misc,Misc/Particles/Leaf_1.png,No selected unchanged file passed this curation
0000000041d88a21ee7f3c92,Misc,Misc/Particles/Leaf_2.png,No selected unchanged file passed this curation
000000004174429d5ede77ef,Misc,Misc/Particles/Blood_Splat.png,No selected unchanged file passed this curation
00000000183679d80c5e61a3,Misc,Misc/Particles/Blood_Pool.png,No selected unchanged file passed this curation
00000000232da3b4eb0ecd31,Misc,Misc/Particles/Body_Outline_1.png,No selected unchanged file passed this curation
000000006d31dadeeb0ecd31,Misc,Misc/Particles/Body_Outline_2.png,No selected unchanged file passed this curation
000000006d37416377569e74,Misc,Misc/Particles/Newspaper.png,No selected unchanged file passed this curation
00000000cbb121a6fd5724c0,Misc,Misc/Particles/Car_Debris_1.png,No selected unchanged file passed this curation
000000003a71809b6cfcde5f,Misc,Misc/Particles/Car_Debris_2.png,No selected unchanged file passed this curation
0000000059ddaf4fd93a453c,Misc,Misc/Particles/Car_Debris_3.png,No selected unchanged file passed this curation
00000000ef26662de5c7ee44,Misc,Misc/Particles/Car_Debris_4.png,No selected unchanged file passed this curation
00000000f3ad5da371ea654f,Misc,Misc/Particles/Crash_Decal.png,No selected unchanged file passed this curation
00000000184e27f82e28d441,Misc,Misc/Particles/Gun_Flash_1.png,No selected unchanged file passed this curation
00000000bf0b316acf1bbcd1,Misc,Misc/Particles/Gun_Flash_2.png,No selected unchanged file passed this curation
00000000b035b07ed8016e97,Misc,Misc/Particles/Corona_Moon.png,No selected unchanged file passed this curation
0000000086c2125d7fd5fb52,Misc,Misc/Particles/Splash_1.png,No selected unchanged file passed this curation
00000000b2e0fc2ec33f77ec,Misc,Misc/Particles/Splash_Up_1.png,No selected unchanged file passed this curation
0000000083cf9cc2d01e3cb6,Misc,Misc/Particles/Car_Splash_2.png,No selected unchanged file passed this curation
0000000052f34752f9a6138c,Misc,Misc/Particles/Car_Splash_3.png,No selected unchanged file passed this curation
0000000043c2c7d2fe5714fa,Misc,Misc/Particles/Explosion_1.png,No selected unchanged file passed this curation
00000000c6b3f767e6b0946a,Misc,Misc/Particles/Explosion_2.png,No selected unchanged file passed this curation
000000006eafc1c79405b99e,Misc,Misc/Particles/Explosion_3.png,No selected unchanged file passed this curation
00000000fa0032421363bb1f,Misc,Misc/Particles/Explosion_4.png,No selected unchanged file passed this curation
000000006e565312c4f0c51f,Misc,Misc/Particles/Explosion_5.png,No selected unchanged file passed this curation
00000000386ddc95b5d7ca29,Misc,Misc/Particles/Explosion_6.png,No selected unchanged file passed this curation
